{"accuracy": 0.8333333333333334, "f1_score": 0.7916666666666666}